--
-- PostgreSQL database dump
--

-- Dumped from database version 14.9 (Ubuntu 14.9-0ubuntu0.22.04.1)
-- Dumped by pg_dump version 14.9 (Ubuntu 14.9-0ubuntu0.22.04.1)

SET statement_timeout = 0;
SET lock_timeout = 0;
SET idle_in_transaction_session_timeout = 0;
SET client_encoding = 'UTF8';
SET standard_conforming_strings = on;
SELECT pg_catalog.set_config('search_path', '', false);
SET check_function_bodies = false;
SET xmloption = content;
SET client_min_messages = warning;
SET row_security = off;

SET default_tablespace = '';

SET default_table_access_method = heap;

--
-- Name: account_team; Type: TABLE; Schema: public; Owner: postgres
--

CREATE TABLE public.account_team (
    id bigint NOT NULL,
    name character varying(255) NOT NULL,
    description character varying(255),
    created_at timestamp with time zone NOT NULL,
    updated_at timestamp with time zone NOT NULL
);


ALTER TABLE public.account_team OWNER TO postgres;

--
-- Name: account_team_id_seq; Type: SEQUENCE; Schema: public; Owner: postgres
--

ALTER TABLE public.account_team ALTER COLUMN id ADD GENERATED BY DEFAULT AS IDENTITY (
    SEQUENCE NAME public.account_team_id_seq
    START WITH 1
    INCREMENT BY 1
    NO MINVALUE
    NO MAXVALUE
    CACHE 1
);


--
-- Name: account_userdata; Type: TABLE; Schema: public; Owner: postgres
--

CREATE TABLE public.account_userdata (
    id bigint NOT NULL,
    password character varying(128) NOT NULL,
    last_login timestamp with time zone,
    first_name character varying(150) NOT NULL,
    last_name character varying(150) NOT NULL,
    name character varying(100) NOT NULL,
    email character varying(100) NOT NULL,
    date_joined timestamp with time zone NOT NULL,
    is_admin boolean NOT NULL,
    is_active boolean NOT NULL,
    is_staff boolean NOT NULL,
    is_superuser boolean NOT NULL,
    team_id bigint
);


ALTER TABLE public.account_userdata OWNER TO postgres;

--
-- Name: account_userdata_groups; Type: TABLE; Schema: public; Owner: postgres
--

CREATE TABLE public.account_userdata_groups (
    id bigint NOT NULL,
    userdata_id bigint NOT NULL,
    group_id integer NOT NULL
);


ALTER TABLE public.account_userdata_groups OWNER TO postgres;

--
-- Name: account_userdata_groups_id_seq; Type: SEQUENCE; Schema: public; Owner: postgres
--

ALTER TABLE public.account_userdata_groups ALTER COLUMN id ADD GENERATED BY DEFAULT AS IDENTITY (
    SEQUENCE NAME public.account_userdata_groups_id_seq
    START WITH 1
    INCREMENT BY 1
    NO MINVALUE
    NO MAXVALUE
    CACHE 1
);


--
-- Name: account_userdata_id_seq; Type: SEQUENCE; Schema: public; Owner: postgres
--

ALTER TABLE public.account_userdata ALTER COLUMN id ADD GENERATED BY DEFAULT AS IDENTITY (
    SEQUENCE NAME public.account_userdata_id_seq
    START WITH 1
    INCREMENT BY 1
    NO MINVALUE
    NO MAXVALUE
    CACHE 1
);


--
-- Name: account_userdata_user_permissions; Type: TABLE; Schema: public; Owner: postgres
--

CREATE TABLE public.account_userdata_user_permissions (
    id bigint NOT NULL,
    userdata_id bigint NOT NULL,
    permission_id integer NOT NULL
);


ALTER TABLE public.account_userdata_user_permissions OWNER TO postgres;

--
-- Name: account_userdata_user_permissions_id_seq; Type: SEQUENCE; Schema: public; Owner: postgres
--

ALTER TABLE public.account_userdata_user_permissions ALTER COLUMN id ADD GENERATED BY DEFAULT AS IDENTITY (
    SEQUENCE NAME public.account_userdata_user_permissions_id_seq
    START WITH 1
    INCREMENT BY 1
    NO MINVALUE
    NO MAXVALUE
    CACHE 1
);


--
-- Name: api_alert; Type: TABLE; Schema: public; Owner: postgres
--

CREATE TABLE public.api_alert (
    id bigint NOT NULL,
    zone character varying(255),
    camera character varying(255),
    created_at timestamp with time zone NOT NULL,
    updated_at timestamp with time zone NOT NULL,
    alert_type_id bigint
);


ALTER TABLE public.api_alert OWNER TO postgres;

--
-- Name: api_alert_id_seq; Type: SEQUENCE; Schema: public; Owner: postgres
--

ALTER TABLE public.api_alert ALTER COLUMN id ADD GENERATED BY DEFAULT AS IDENTITY (
    SEQUENCE NAME public.api_alert_id_seq
    START WITH 1
    INCREMENT BY 1
    NO MINVALUE
    NO MAXVALUE
    CACHE 1
);


--
-- Name: api_alerttype; Type: TABLE; Schema: public; Owner: postgres
--

CREATE TABLE public.api_alerttype (
    id bigint NOT NULL,
    name character varying(255),
    description character varying(255)
);


ALTER TABLE public.api_alerttype OWNER TO postgres;

--
-- Name: api_alerttype_id_seq; Type: SEQUENCE; Schema: public; Owner: postgres
--

ALTER TABLE public.api_alerttype ALTER COLUMN id ADD GENERATED BY DEFAULT AS IDENTITY (
    SEQUENCE NAME public.api_alerttype_id_seq
    START WITH 1
    INCREMENT BY 1
    NO MINVALUE
    NO MAXVALUE
    CACHE 1
);


--
-- Name: api_case; Type: TABLE; Schema: public; Owner: postgres
--

CREATE TABLE public.api_case (
    id bigint NOT NULL,
    created_at timestamp with time zone NOT NULL,
    updated_at timestamp with time zone NOT NULL,
    alert_id bigint,
    authority_id bigint,
    case_review_id bigint,
    status_id bigint
);


ALTER TABLE public.api_case OWNER TO postgres;

--
-- Name: api_case_id_seq; Type: SEQUENCE; Schema: public; Owner: postgres
--

ALTER TABLE public.api_case ALTER COLUMN id ADD GENERATED BY DEFAULT AS IDENTITY (
    SEQUENCE NAME public.api_case_id_seq
    START WITH 1
    INCREMENT BY 1
    NO MINVALUE
    NO MAXVALUE
    CACHE 1
);


--
-- Name: api_casereview; Type: TABLE; Schema: public; Owner: postgres
--

CREATE TABLE public.api_casereview (
    id bigint NOT NULL,
    created_at timestamp with time zone NOT NULL,
    updated_at timestamp with time zone NOT NULL,
    assigner_id bigint,
    authority_id bigint,
    status_id bigint
);


ALTER TABLE public.api_casereview OWNER TO postgres;

--
-- Name: api_casereview_id_seq; Type: SEQUENCE; Schema: public; Owner: postgres
--

ALTER TABLE public.api_casereview ALTER COLUMN id ADD GENERATED BY DEFAULT AS IDENTITY (
    SEQUENCE NAME public.api_casereview_id_seq
    START WITH 1
    INCREMENT BY 1
    NO MINVALUE
    NO MAXVALUE
    CACHE 1
);


--
-- Name: api_casereviewstatus; Type: TABLE; Schema: public; Owner: postgres
--

CREATE TABLE public.api_casereviewstatus (
    id bigint NOT NULL,
    name character varying(255),
    description character varying(255)
);


ALTER TABLE public.api_casereviewstatus OWNER TO postgres;

--
-- Name: api_casereviewstatus_id_seq; Type: SEQUENCE; Schema: public; Owner: postgres
--

ALTER TABLE public.api_casereviewstatus ALTER COLUMN id ADD GENERATED BY DEFAULT AS IDENTITY (
    SEQUENCE NAME public.api_casereviewstatus_id_seq
    START WITH 1
    INCREMENT BY 1
    NO MINVALUE
    NO MAXVALUE
    CACHE 1
);


--
-- Name: api_casestatus; Type: TABLE; Schema: public; Owner: postgres
--

CREATE TABLE public.api_casestatus (
    id bigint NOT NULL,
    name character varying(255),
    description character varying(255)
);


ALTER TABLE public.api_casestatus OWNER TO postgres;

--
-- Name: api_casestatus_id_seq; Type: SEQUENCE; Schema: public; Owner: postgres
--

ALTER TABLE public.api_casestatus ALTER COLUMN id ADD GENERATED BY DEFAULT AS IDENTITY (
    SEQUENCE NAME public.api_casestatus_id_seq
    START WITH 1
    INCREMENT BY 1
    NO MINVALUE
    NO MAXVALUE
    CACHE 1
);


--
-- Name: api_comment; Type: TABLE; Schema: public; Owner: postgres
--

CREATE TABLE public.api_comment (
    id bigint NOT NULL,
    comment character varying,
    created_at timestamp with time zone NOT NULL,
    updated_at timestamp with time zone NOT NULL,
    author_id bigint,
    case_id bigint
);


ALTER TABLE public.api_comment OWNER TO postgres;

--
-- Name: api_comment_id_seq; Type: SEQUENCE; Schema: public; Owner: postgres
--

ALTER TABLE public.api_comment ALTER COLUMN id ADD GENERATED BY DEFAULT AS IDENTITY (
    SEQUENCE NAME public.api_comment_id_seq
    START WITH 1
    INCREMENT BY 1
    NO MINVALUE
    NO MAXVALUE
    CACHE 1
);


--
-- Name: auth_group; Type: TABLE; Schema: public; Owner: postgres
--

CREATE TABLE public.auth_group (
    id integer NOT NULL,
    name character varying(150) NOT NULL
);


ALTER TABLE public.auth_group OWNER TO postgres;

--
-- Name: auth_group_id_seq; Type: SEQUENCE; Schema: public; Owner: postgres
--

ALTER TABLE public.auth_group ALTER COLUMN id ADD GENERATED BY DEFAULT AS IDENTITY (
    SEQUENCE NAME public.auth_group_id_seq
    START WITH 1
    INCREMENT BY 1
    NO MINVALUE
    NO MAXVALUE
    CACHE 1
);


--
-- Name: auth_group_permissions; Type: TABLE; Schema: public; Owner: postgres
--

CREATE TABLE public.auth_group_permissions (
    id bigint NOT NULL,
    group_id integer NOT NULL,
    permission_id integer NOT NULL
);


ALTER TABLE public.auth_group_permissions OWNER TO postgres;

--
-- Name: auth_group_permissions_id_seq; Type: SEQUENCE; Schema: public; Owner: postgres
--

ALTER TABLE public.auth_group_permissions ALTER COLUMN id ADD GENERATED BY DEFAULT AS IDENTITY (
    SEQUENCE NAME public.auth_group_permissions_id_seq
    START WITH 1
    INCREMENT BY 1
    NO MINVALUE
    NO MAXVALUE
    CACHE 1
);


--
-- Name: auth_permission; Type: TABLE; Schema: public; Owner: postgres
--

CREATE TABLE public.auth_permission (
    id integer NOT NULL,
    name character varying(255) NOT NULL,
    content_type_id integer NOT NULL,
    codename character varying(100) NOT NULL
);


ALTER TABLE public.auth_permission OWNER TO postgres;

--
-- Name: auth_permission_id_seq; Type: SEQUENCE; Schema: public; Owner: postgres
--

ALTER TABLE public.auth_permission ALTER COLUMN id ADD GENERATED BY DEFAULT AS IDENTITY (
    SEQUENCE NAME public.auth_permission_id_seq
    START WITH 1
    INCREMENT BY 1
    NO MINVALUE
    NO MAXVALUE
    CACHE 1
);


--
-- Name: django_admin_log; Type: TABLE; Schema: public; Owner: postgres
--

CREATE TABLE public.django_admin_log (
    id integer NOT NULL,
    action_time timestamp with time zone NOT NULL,
    object_id text,
    object_repr character varying(200) NOT NULL,
    action_flag smallint NOT NULL,
    change_message text NOT NULL,
    content_type_id integer,
    user_id bigint NOT NULL,
    CONSTRAINT django_admin_log_action_flag_check CHECK ((action_flag >= 0))
);


ALTER TABLE public.django_admin_log OWNER TO postgres;

--
-- Name: django_admin_log_id_seq; Type: SEQUENCE; Schema: public; Owner: postgres
--

ALTER TABLE public.django_admin_log ALTER COLUMN id ADD GENERATED BY DEFAULT AS IDENTITY (
    SEQUENCE NAME public.django_admin_log_id_seq
    START WITH 1
    INCREMENT BY 1
    NO MINVALUE
    NO MAXVALUE
    CACHE 1
);


--
-- Name: django_content_type; Type: TABLE; Schema: public; Owner: postgres
--

CREATE TABLE public.django_content_type (
    id integer NOT NULL,
    app_label character varying(100) NOT NULL,
    model character varying(100) NOT NULL
);


ALTER TABLE public.django_content_type OWNER TO postgres;

--
-- Name: django_content_type_id_seq; Type: SEQUENCE; Schema: public; Owner: postgres
--

ALTER TABLE public.django_content_type ALTER COLUMN id ADD GENERATED BY DEFAULT AS IDENTITY (
    SEQUENCE NAME public.django_content_type_id_seq
    START WITH 1
    INCREMENT BY 1
    NO MINVALUE
    NO MAXVALUE
    CACHE 1
);


--
-- Name: django_migrations; Type: TABLE; Schema: public; Owner: postgres
--

CREATE TABLE public.django_migrations (
    id bigint NOT NULL,
    app character varying(255) NOT NULL,
    name character varying(255) NOT NULL,
    applied timestamp with time zone NOT NULL
);


ALTER TABLE public.django_migrations OWNER TO postgres;

--
-- Name: django_migrations_id_seq; Type: SEQUENCE; Schema: public; Owner: postgres
--

ALTER TABLE public.django_migrations ALTER COLUMN id ADD GENERATED BY DEFAULT AS IDENTITY (
    SEQUENCE NAME public.django_migrations_id_seq
    START WITH 1
    INCREMENT BY 1
    NO MINVALUE
    NO MAXVALUE
    CACHE 1
);


--
-- Name: django_session; Type: TABLE; Schema: public; Owner: postgres
--

CREATE TABLE public.django_session (
    session_key character varying(40) NOT NULL,
    session_data text NOT NULL,
    expire_date timestamp with time zone NOT NULL
);


ALTER TABLE public.django_session OWNER TO postgres;

--
-- Data for Name: account_team; Type: TABLE DATA; Schema: public; Owner: postgres
--

COPY public.account_team (id, name, description, created_at, updated_at) FROM stdin;
1	PTSM Pte Ltd	Not wearing PPE Equipment	2023-11-08 07:41:44.06836+08	2023-11-08 07:41:44.06836+08
\.


--
-- Data for Name: account_userdata; Type: TABLE DATA; Schema: public; Owner: postgres
--

COPY public.account_userdata (id, password, last_login, first_name, last_name, name, email, date_joined, is_admin, is_active, is_staff, is_superuser, team_id) FROM stdin;
1	pbkdf2_sha256$600000$OI7K4pvNymWvmKzoYc7CnO$O/LMcI3y1fBtTfqs5zHO/Qymebbf7Bsc4GuVPcSL3tE=	\N			admin	admin@test.com	2023-11-08 07:41:44.06836+08	t	t	t	f	1
2	pbkdf2_sha256$600000$1A4Ll4dAvvIt2wIPdiVQk8$XklICZeURZoZy5m1877lbN5hliFJLu8+KpCd9sYzkd8=	\N			user1	user1@test.com	2023-11-11 18:00:28.25906+08	f	t	f	f	\N
3	pbkdf2_sha256$600000$d2kmry0557VkJ8WDWOvwZx$wQxgy5OyOswHH1gTNaRK6K9d7oIk43+sXHuR2pv35K0=	\N			user2	user2@test.com	2023-11-11 18:00:35.424677+08	f	t	f	f	\N
\.


--
-- Data for Name: account_userdata_groups; Type: TABLE DATA; Schema: public; Owner: postgres
--

COPY public.account_userdata_groups (id, userdata_id, group_id) FROM stdin;
\.


--
-- Data for Name: account_userdata_user_permissions; Type: TABLE DATA; Schema: public; Owner: postgres
--

COPY public.account_userdata_user_permissions (id, userdata_id, permission_id) FROM stdin;
\.


--
-- Data for Name: api_alert; Type: TABLE DATA; Schema: public; Owner: postgres
--

COPY public.api_alert (id, zone, camera, created_at, updated_at, alert_type_id) FROM stdin;
1	L2A - J1 Facility Area	L1-21	2023-11-08 06:40:00.331168+08	2023-11-08 06:40:00.331181+08	1
2	B2C - C3 Facility Area	J1-24	2023-11-11 18:01:28.907291+08	2023-11-11 18:01:28.907302+08	1
3	D3E - F3 Facility Area	A1-04	2023-11-11 18:01:49.18073+08	2023-11-11 18:01:49.180743+08	1
\.


--
-- Data for Name: api_alerttype; Type: TABLE DATA; Schema: public; Owner: postgres
--

COPY public.api_alerttype (id, name, description) FROM stdin;
1	Object Obtrusion	
\.


--
-- Data for Name: api_case; Type: TABLE DATA; Schema: public; Owner: postgres
--

COPY public.api_case (id, created_at, updated_at, alert_id, authority_id, case_review_id, status_id) FROM stdin;
2	2023-11-11 18:04:02.531789+08	2023-11-11 21:28:33.988627+08	2	1	2	3
3	2023-11-11 18:04:11.628163+08	2023-11-11 21:30:28.772072+08	3	1	3	3
1	2023-11-08 06:43:39.194129+08	2023-11-11 21:30:56.008654+08	1	1	1	3
\.


--
-- Data for Name: api_casereview; Type: TABLE DATA; Schema: public; Owner: postgres
--

COPY public.api_casereview (id, created_at, updated_at, assigner_id, authority_id, status_id) FROM stdin;
2	2023-11-11 18:02:03.856271+08	2023-11-11 21:28:33.85379+08	2	1	3
3	2023-11-11 18:02:21.120838+08	2023-11-11 21:30:28.58163+08	2	1	3
1	2023-11-08 06:40:16.578806+08	2023-11-11 21:30:55.841511+08	1	1	2
\.


--
-- Data for Name: api_casereviewstatus; Type: TABLE DATA; Schema: public; Owner: postgres
--

COPY public.api_casereviewstatus (id, name, description) FROM stdin;
1	ToDo	
2	In Progress	
3	Complete	
\.


--
-- Data for Name: api_casestatus; Type: TABLE DATA; Schema: public; Owner: postgres
--

COPY public.api_casestatus (id, name, description) FROM stdin;
1	No reviews	
2	Reviewing	
3	Review Submitted	
\.


--
-- Data for Name: api_comment; Type: TABLE DATA; Schema: public; Owner: postgres
--

COPY public.api_comment (id, comment, created_at, updated_at, author_id, case_id) FROM stdin;
8	New Comment 1	2023-11-11 20:40:15.949961+08	2023-11-11 21:28:33.900664+08	1	2
9	New Comment 1	2023-11-11 21:30:28.681875+08	2023-11-11 21:30:28.681887+08	1	3
2	Test Comment new updates	2023-11-08 10:37:59.823291+08	2023-11-11 21:30:55.890747+08	1	1
3	Test Comment new2	2023-11-08 15:30:39.531017+08	2023-11-11 21:30:55.896853+08	1	1
4	Test Comment	2023-11-08 15:31:31.520424+08	2023-11-11 21:30:55.903229+08	1	1
5	Test Comment new 3 created	2023-11-08 15:32:02.829734+08	2023-11-11 21:30:55.908336+08	1	1
6	Test Comment new 10	2023-11-11 20:39:13.599266+08	2023-11-11 21:30:55.913698+08	1	1
7	Test Comment new 11	2023-11-11 20:39:52.916012+08	2023-11-11 21:30:55.919079+08	1	1
\.


--
-- Data for Name: auth_group; Type: TABLE DATA; Schema: public; Owner: postgres
--

COPY public.auth_group (id, name) FROM stdin;
\.


--
-- Data for Name: auth_group_permissions; Type: TABLE DATA; Schema: public; Owner: postgres
--

COPY public.auth_group_permissions (id, group_id, permission_id) FROM stdin;
\.


--
-- Data for Name: auth_permission; Type: TABLE DATA; Schema: public; Owner: postgres
--

COPY public.auth_permission (id, name, content_type_id, codename) FROM stdin;
1	Can add log entry	1	add_logentry
2	Can change log entry	1	change_logentry
3	Can delete log entry	1	delete_logentry
4	Can view log entry	1	view_logentry
5	Can add permission	2	add_permission
6	Can change permission	2	change_permission
7	Can delete permission	2	delete_permission
8	Can view permission	2	view_permission
9	Can add group	3	add_group
10	Can change group	3	change_group
11	Can delete group	3	delete_group
12	Can view group	3	view_group
13	Can add content type	4	add_contenttype
14	Can change content type	4	change_contenttype
15	Can delete content type	4	delete_contenttype
16	Can view content type	4	view_contenttype
17	Can add session	5	add_session
18	Can change session	5	change_session
19	Can delete session	5	delete_session
20	Can view session	5	view_session
21	Can add team	6	add_team
22	Can change team	6	change_team
23	Can delete team	6	delete_team
24	Can view team	6	view_team
25	Can add user	7	add_userdata
26	Can change user	7	change_userdata
27	Can delete user	7	delete_userdata
28	Can view user	7	view_userdata
29	Can add alert	8	add_alert
30	Can change alert	8	change_alert
31	Can delete alert	8	delete_alert
32	Can view alert	8	view_alert
33	Can add alert type	9	add_alerttype
34	Can change alert type	9	change_alerttype
35	Can delete alert type	9	delete_alerttype
36	Can view alert type	9	view_alerttype
37	Can add case	10	add_case
38	Can change case	10	change_case
39	Can delete case	10	delete_case
40	Can view case	10	view_case
41	Can add case review status	11	add_casereviewstatus
42	Can change case review status	11	change_casereviewstatus
43	Can delete case review status	11	delete_casereviewstatus
44	Can view case review status	11	view_casereviewstatus
45	Can add case status	12	add_casestatus
46	Can change case status	12	change_casestatus
47	Can delete case status	12	delete_casestatus
48	Can view case status	12	view_casestatus
49	Can add comment	13	add_comment
50	Can change comment	13	change_comment
51	Can delete comment	13	delete_comment
52	Can view comment	13	view_comment
53	Can add case review	14	add_casereview
54	Can change case review	14	change_casereview
55	Can delete case review	14	delete_casereview
56	Can view case review	14	view_casereview
\.


--
-- Data for Name: django_admin_log; Type: TABLE DATA; Schema: public; Owner: postgres
--

COPY public.django_admin_log (id, action_time, object_id, object_repr, action_flag, change_message, content_type_id, user_id) FROM stdin;
\.


--
-- Data for Name: django_content_type; Type: TABLE DATA; Schema: public; Owner: postgres
--

COPY public.django_content_type (id, app_label, model) FROM stdin;
1	admin	logentry
2	auth	permission
3	auth	group
4	contenttypes	contenttype
5	sessions	session
6	account	team
7	account	userdata
8	api	alert
9	api	alerttype
10	api	case
11	api	casereviewstatus
12	api	casestatus
13	api	comment
14	api	casereview
\.


--
-- Data for Name: django_migrations; Type: TABLE DATA; Schema: public; Owner: postgres
--

COPY public.django_migrations (id, app, name, applied) FROM stdin;
1	contenttypes	0001_initial	2023-11-08 06:39:31.46453+08
2	contenttypes	0002_remove_content_type_name	2023-11-08 06:39:31.468918+08
3	auth	0001_initial	2023-11-08 06:39:31.488602+08
4	auth	0002_alter_permission_name_max_length	2023-11-08 06:39:31.493062+08
5	auth	0003_alter_user_email_max_length	2023-11-08 06:39:31.499046+08
6	auth	0004_alter_user_username_opts	2023-11-08 06:39:31.503618+08
7	auth	0005_alter_user_last_login_null	2023-11-08 06:39:31.507284+08
8	auth	0006_require_contenttypes_0002	2023-11-08 06:39:31.508695+08
9	auth	0007_alter_validators_add_error_messages	2023-11-08 06:39:31.512442+08
10	auth	0008_alter_user_username_max_length	2023-11-08 06:39:31.516146+08
11	auth	0009_alter_user_last_name_max_length	2023-11-08 06:39:31.519699+08
12	auth	0010_alter_group_name_max_length	2023-11-08 06:39:31.523671+08
13	auth	0011_update_proxy_permissions	2023-11-08 06:39:31.527618+08
14	auth	0012_alter_user_first_name_max_length	2023-11-08 06:39:31.531566+08
15	account	0001_initial	2023-11-08 06:39:31.560424+08
16	admin	0001_initial	2023-11-08 06:39:31.572039+08
17	admin	0002_logentry_remove_auto_add	2023-11-08 06:39:31.577529+08
18	admin	0003_logentry_add_action_flag_choices	2023-11-08 06:39:31.582972+08
19	api	0001_initial	2023-11-08 06:39:31.651813+08
20	sessions	0001_initial	2023-11-08 06:39:31.657528+08
\.


--
-- Data for Name: django_session; Type: TABLE DATA; Schema: public; Owner: postgres
--

COPY public.django_session (session_key, session_data, expire_date) FROM stdin;
\.


--
-- Name: account_team_id_seq; Type: SEQUENCE SET; Schema: public; Owner: postgres
--

SELECT pg_catalog.setval('public.account_team_id_seq', 1, true);


--
-- Name: account_userdata_groups_id_seq; Type: SEQUENCE SET; Schema: public; Owner: postgres
--

SELECT pg_catalog.setval('public.account_userdata_groups_id_seq', 1, false);


--
-- Name: account_userdata_id_seq; Type: SEQUENCE SET; Schema: public; Owner: postgres
--

SELECT pg_catalog.setval('public.account_userdata_id_seq', 3, true);


--
-- Name: account_userdata_user_permissions_id_seq; Type: SEQUENCE SET; Schema: public; Owner: postgres
--

SELECT pg_catalog.setval('public.account_userdata_user_permissions_id_seq', 1, false);


--
-- Name: api_alert_id_seq; Type: SEQUENCE SET; Schema: public; Owner: postgres
--

SELECT pg_catalog.setval('public.api_alert_id_seq', 3, true);


--
-- Name: api_alerttype_id_seq; Type: SEQUENCE SET; Schema: public; Owner: postgres
--

SELECT pg_catalog.setval('public.api_alerttype_id_seq', 1, true);


--
-- Name: api_case_id_seq; Type: SEQUENCE SET; Schema: public; Owner: postgres
--

SELECT pg_catalog.setval('public.api_case_id_seq', 3, true);


--
-- Name: api_casereview_id_seq; Type: SEQUENCE SET; Schema: public; Owner: postgres
--

SELECT pg_catalog.setval('public.api_casereview_id_seq', 5, true);


--
-- Name: api_casereviewstatus_id_seq; Type: SEQUENCE SET; Schema: public; Owner: postgres
--

SELECT pg_catalog.setval('public.api_casereviewstatus_id_seq', 3, true);


--
-- Name: api_casestatus_id_seq; Type: SEQUENCE SET; Schema: public; Owner: postgres
--

SELECT pg_catalog.setval('public.api_casestatus_id_seq', 3, true);


--
-- Name: api_comment_id_seq; Type: SEQUENCE SET; Schema: public; Owner: postgres
--

SELECT pg_catalog.setval('public.api_comment_id_seq', 9, true);


--
-- Name: auth_group_id_seq; Type: SEQUENCE SET; Schema: public; Owner: postgres
--

SELECT pg_catalog.setval('public.auth_group_id_seq', 1, false);


--
-- Name: auth_group_permissions_id_seq; Type: SEQUENCE SET; Schema: public; Owner: postgres
--

SELECT pg_catalog.setval('public.auth_group_permissions_id_seq', 1, false);


--
-- Name: auth_permission_id_seq; Type: SEQUENCE SET; Schema: public; Owner: postgres
--

SELECT pg_catalog.setval('public.auth_permission_id_seq', 56, true);


--
-- Name: django_admin_log_id_seq; Type: SEQUENCE SET; Schema: public; Owner: postgres
--

SELECT pg_catalog.setval('public.django_admin_log_id_seq', 1, false);


--
-- Name: django_content_type_id_seq; Type: SEQUENCE SET; Schema: public; Owner: postgres
--

SELECT pg_catalog.setval('public.django_content_type_id_seq', 14, true);


--
-- Name: django_migrations_id_seq; Type: SEQUENCE SET; Schema: public; Owner: postgres
--

SELECT pg_catalog.setval('public.django_migrations_id_seq', 20, true);


--
-- Name: account_team account_team_name_key; Type: CONSTRAINT; Schema: public; Owner: postgres
--

ALTER TABLE ONLY public.account_team
    ADD CONSTRAINT account_team_name_key UNIQUE (name);


--
-- Name: account_team account_team_pkey; Type: CONSTRAINT; Schema: public; Owner: postgres
--

ALTER TABLE ONLY public.account_team
    ADD CONSTRAINT account_team_pkey PRIMARY KEY (id);


--
-- Name: account_userdata account_userdata_email_key; Type: CONSTRAINT; Schema: public; Owner: postgres
--

ALTER TABLE ONLY public.account_userdata
    ADD CONSTRAINT account_userdata_email_key UNIQUE (email);


--
-- Name: account_userdata_groups account_userdata_groups_pkey; Type: CONSTRAINT; Schema: public; Owner: postgres
--

ALTER TABLE ONLY public.account_userdata_groups
    ADD CONSTRAINT account_userdata_groups_pkey PRIMARY KEY (id);


--
-- Name: account_userdata_groups account_userdata_groups_userdata_id_group_id_28ef65af_uniq; Type: CONSTRAINT; Schema: public; Owner: postgres
--

ALTER TABLE ONLY public.account_userdata_groups
    ADD CONSTRAINT account_userdata_groups_userdata_id_group_id_28ef65af_uniq UNIQUE (userdata_id, group_id);


--
-- Name: account_userdata account_userdata_name_key; Type: CONSTRAINT; Schema: public; Owner: postgres
--

ALTER TABLE ONLY public.account_userdata
    ADD CONSTRAINT account_userdata_name_key UNIQUE (name);


--
-- Name: account_userdata account_userdata_pkey; Type: CONSTRAINT; Schema: public; Owner: postgres
--

ALTER TABLE ONLY public.account_userdata
    ADD CONSTRAINT account_userdata_pkey PRIMARY KEY (id);


--
-- Name: account_userdata_user_permissions account_userdata_user_pe_userdata_id_permission_i_caf67b59_uniq; Type: CONSTRAINT; Schema: public; Owner: postgres
--

ALTER TABLE ONLY public.account_userdata_user_permissions
    ADD CONSTRAINT account_userdata_user_pe_userdata_id_permission_i_caf67b59_uniq UNIQUE (userdata_id, permission_id);


--
-- Name: account_userdata_user_permissions account_userdata_user_permissions_pkey; Type: CONSTRAINT; Schema: public; Owner: postgres
--

ALTER TABLE ONLY public.account_userdata_user_permissions
    ADD CONSTRAINT account_userdata_user_permissions_pkey PRIMARY KEY (id);


--
-- Name: api_alert api_alert_pkey; Type: CONSTRAINT; Schema: public; Owner: postgres
--

ALTER TABLE ONLY public.api_alert
    ADD CONSTRAINT api_alert_pkey PRIMARY KEY (id);


--
-- Name: api_alerttype api_alerttype_pkey; Type: CONSTRAINT; Schema: public; Owner: postgres
--

ALTER TABLE ONLY public.api_alerttype
    ADD CONSTRAINT api_alerttype_pkey PRIMARY KEY (id);


--
-- Name: api_case api_case_pkey; Type: CONSTRAINT; Schema: public; Owner: postgres
--

ALTER TABLE ONLY public.api_case
    ADD CONSTRAINT api_case_pkey PRIMARY KEY (id);


--
-- Name: api_casereview api_casereview_pkey; Type: CONSTRAINT; Schema: public; Owner: postgres
--

ALTER TABLE ONLY public.api_casereview
    ADD CONSTRAINT api_casereview_pkey PRIMARY KEY (id);


--
-- Name: api_casereviewstatus api_casereviewstatus_pkey; Type: CONSTRAINT; Schema: public; Owner: postgres
--

ALTER TABLE ONLY public.api_casereviewstatus
    ADD CONSTRAINT api_casereviewstatus_pkey PRIMARY KEY (id);


--
-- Name: api_casestatus api_casestatus_pkey; Type: CONSTRAINT; Schema: public; Owner: postgres
--

ALTER TABLE ONLY public.api_casestatus
    ADD CONSTRAINT api_casestatus_pkey PRIMARY KEY (id);


--
-- Name: api_comment api_comment_pkey; Type: CONSTRAINT; Schema: public; Owner: postgres
--

ALTER TABLE ONLY public.api_comment
    ADD CONSTRAINT api_comment_pkey PRIMARY KEY (id);


--
-- Name: auth_group auth_group_name_key; Type: CONSTRAINT; Schema: public; Owner: postgres
--

ALTER TABLE ONLY public.auth_group
    ADD CONSTRAINT auth_group_name_key UNIQUE (name);


--
-- Name: auth_group_permissions auth_group_permissions_group_id_permission_id_0cd325b0_uniq; Type: CONSTRAINT; Schema: public; Owner: postgres
--

ALTER TABLE ONLY public.auth_group_permissions
    ADD CONSTRAINT auth_group_permissions_group_id_permission_id_0cd325b0_uniq UNIQUE (group_id, permission_id);


--
-- Name: auth_group_permissions auth_group_permissions_pkey; Type: CONSTRAINT; Schema: public; Owner: postgres
--

ALTER TABLE ONLY public.auth_group_permissions
    ADD CONSTRAINT auth_group_permissions_pkey PRIMARY KEY (id);


--
-- Name: auth_group auth_group_pkey; Type: CONSTRAINT; Schema: public; Owner: postgres
--

ALTER TABLE ONLY public.auth_group
    ADD CONSTRAINT auth_group_pkey PRIMARY KEY (id);


--
-- Name: auth_permission auth_permission_content_type_id_codename_01ab375a_uniq; Type: CONSTRAINT; Schema: public; Owner: postgres
--

ALTER TABLE ONLY public.auth_permission
    ADD CONSTRAINT auth_permission_content_type_id_codename_01ab375a_uniq UNIQUE (content_type_id, codename);


--
-- Name: auth_permission auth_permission_pkey; Type: CONSTRAINT; Schema: public; Owner: postgres
--

ALTER TABLE ONLY public.auth_permission
    ADD CONSTRAINT auth_permission_pkey PRIMARY KEY (id);


--
-- Name: django_admin_log django_admin_log_pkey; Type: CONSTRAINT; Schema: public; Owner: postgres
--

ALTER TABLE ONLY public.django_admin_log
    ADD CONSTRAINT django_admin_log_pkey PRIMARY KEY (id);


--
-- Name: django_content_type django_content_type_app_label_model_76bd3d3b_uniq; Type: CONSTRAINT; Schema: public; Owner: postgres
--

ALTER TABLE ONLY public.django_content_type
    ADD CONSTRAINT django_content_type_app_label_model_76bd3d3b_uniq UNIQUE (app_label, model);


--
-- Name: django_content_type django_content_type_pkey; Type: CONSTRAINT; Schema: public; Owner: postgres
--

ALTER TABLE ONLY public.django_content_type
    ADD CONSTRAINT django_content_type_pkey PRIMARY KEY (id);


--
-- Name: django_migrations django_migrations_pkey; Type: CONSTRAINT; Schema: public; Owner: postgres
--

ALTER TABLE ONLY public.django_migrations
    ADD CONSTRAINT django_migrations_pkey PRIMARY KEY (id);


--
-- Name: django_session django_session_pkey; Type: CONSTRAINT; Schema: public; Owner: postgres
--

ALTER TABLE ONLY public.django_session
    ADD CONSTRAINT django_session_pkey PRIMARY KEY (session_key);


--
-- Name: account_team_name_cf182ccb_like; Type: INDEX; Schema: public; Owner: postgres
--

CREATE INDEX account_team_name_cf182ccb_like ON public.account_team USING btree (name varchar_pattern_ops);


--
-- Name: account_userdata_email_24a20a1a_like; Type: INDEX; Schema: public; Owner: postgres
--

CREATE INDEX account_userdata_email_24a20a1a_like ON public.account_userdata USING btree (email varchar_pattern_ops);


--
-- Name: account_userdata_groups_group_id_53405716; Type: INDEX; Schema: public; Owner: postgres
--

CREATE INDEX account_userdata_groups_group_id_53405716 ON public.account_userdata_groups USING btree (group_id);


--
-- Name: account_userdata_groups_userdata_id_cb6259a2; Type: INDEX; Schema: public; Owner: postgres
--

CREATE INDEX account_userdata_groups_userdata_id_cb6259a2 ON public.account_userdata_groups USING btree (userdata_id);


--
-- Name: account_userdata_name_a87b87ef_like; Type: INDEX; Schema: public; Owner: postgres
--

CREATE INDEX account_userdata_name_a87b87ef_like ON public.account_userdata USING btree (name varchar_pattern_ops);


--
-- Name: account_userdata_team_id_04545dae; Type: INDEX; Schema: public; Owner: postgres
--

CREATE INDEX account_userdata_team_id_04545dae ON public.account_userdata USING btree (team_id);


--
-- Name: account_userdata_user_permissions_permission_id_dbf442dd; Type: INDEX; Schema: public; Owner: postgres
--

CREATE INDEX account_userdata_user_permissions_permission_id_dbf442dd ON public.account_userdata_user_permissions USING btree (permission_id);


--
-- Name: account_userdata_user_permissions_userdata_id_f6c3c282; Type: INDEX; Schema: public; Owner: postgres
--

CREATE INDEX account_userdata_user_permissions_userdata_id_f6c3c282 ON public.account_userdata_user_permissions USING btree (userdata_id);


--
-- Name: api_alert_alert_type_id_1d3b0905; Type: INDEX; Schema: public; Owner: postgres
--

CREATE INDEX api_alert_alert_type_id_1d3b0905 ON public.api_alert USING btree (alert_type_id);


--
-- Name: api_case_alert_id_f07fb875; Type: INDEX; Schema: public; Owner: postgres
--

CREATE INDEX api_case_alert_id_f07fb875 ON public.api_case USING btree (alert_id);


--
-- Name: api_case_authority_id_e5b05974; Type: INDEX; Schema: public; Owner: postgres
--

CREATE INDEX api_case_authority_id_e5b05974 ON public.api_case USING btree (authority_id);


--
-- Name: api_case_case_review_id_796153e8; Type: INDEX; Schema: public; Owner: postgres
--

CREATE INDEX api_case_case_review_id_796153e8 ON public.api_case USING btree (case_review_id);


--
-- Name: api_case_status_id_12034224; Type: INDEX; Schema: public; Owner: postgres
--

CREATE INDEX api_case_status_id_12034224 ON public.api_case USING btree (status_id);


--
-- Name: api_casereview_assigner_id_19574282; Type: INDEX; Schema: public; Owner: postgres
--

CREATE INDEX api_casereview_assigner_id_19574282 ON public.api_casereview USING btree (assigner_id);


--
-- Name: api_casereview_authority_id_d43b0ff1; Type: INDEX; Schema: public; Owner: postgres
--

CREATE INDEX api_casereview_authority_id_d43b0ff1 ON public.api_casereview USING btree (authority_id);


--
-- Name: api_casereview_status_id_b07162b7; Type: INDEX; Schema: public; Owner: postgres
--

CREATE INDEX api_casereview_status_id_b07162b7 ON public.api_casereview USING btree (status_id);


--
-- Name: api_comment_author_id_c45b2dbf; Type: INDEX; Schema: public; Owner: postgres
--

CREATE INDEX api_comment_author_id_c45b2dbf ON public.api_comment USING btree (author_id);


--
-- Name: api_comment_case_id_b7ad411f; Type: INDEX; Schema: public; Owner: postgres
--

CREATE INDEX api_comment_case_id_b7ad411f ON public.api_comment USING btree (case_id);


--
-- Name: auth_group_name_a6ea08ec_like; Type: INDEX; Schema: public; Owner: postgres
--

CREATE INDEX auth_group_name_a6ea08ec_like ON public.auth_group USING btree (name varchar_pattern_ops);


--
-- Name: auth_group_permissions_group_id_b120cbf9; Type: INDEX; Schema: public; Owner: postgres
--

CREATE INDEX auth_group_permissions_group_id_b120cbf9 ON public.auth_group_permissions USING btree (group_id);


--
-- Name: auth_group_permissions_permission_id_84c5c92e; Type: INDEX; Schema: public; Owner: postgres
--

CREATE INDEX auth_group_permissions_permission_id_84c5c92e ON public.auth_group_permissions USING btree (permission_id);


--
-- Name: auth_permission_content_type_id_2f476e4b; Type: INDEX; Schema: public; Owner: postgres
--

CREATE INDEX auth_permission_content_type_id_2f476e4b ON public.auth_permission USING btree (content_type_id);


--
-- Name: django_admin_log_content_type_id_c4bce8eb; Type: INDEX; Schema: public; Owner: postgres
--

CREATE INDEX django_admin_log_content_type_id_c4bce8eb ON public.django_admin_log USING btree (content_type_id);


--
-- Name: django_admin_log_user_id_c564eba6; Type: INDEX; Schema: public; Owner: postgres
--

CREATE INDEX django_admin_log_user_id_c564eba6 ON public.django_admin_log USING btree (user_id);


--
-- Name: django_session_expire_date_a5c62663; Type: INDEX; Schema: public; Owner: postgres
--

CREATE INDEX django_session_expire_date_a5c62663 ON public.django_session USING btree (expire_date);


--
-- Name: django_session_session_key_c0390e0f_like; Type: INDEX; Schema: public; Owner: postgres
--

CREATE INDEX django_session_session_key_c0390e0f_like ON public.django_session USING btree (session_key varchar_pattern_ops);


--
-- Name: account_userdata_groups account_userdata_gro_userdata_id_cb6259a2_fk_account_u; Type: FK CONSTRAINT; Schema: public; Owner: postgres
--

ALTER TABLE ONLY public.account_userdata_groups
    ADD CONSTRAINT account_userdata_gro_userdata_id_cb6259a2_fk_account_u FOREIGN KEY (userdata_id) REFERENCES public.account_userdata(id) DEFERRABLE INITIALLY DEFERRED;


--
-- Name: account_userdata_groups account_userdata_groups_group_id_53405716_fk_auth_group_id; Type: FK CONSTRAINT; Schema: public; Owner: postgres
--

ALTER TABLE ONLY public.account_userdata_groups
    ADD CONSTRAINT account_userdata_groups_group_id_53405716_fk_auth_group_id FOREIGN KEY (group_id) REFERENCES public.auth_group(id) DEFERRABLE INITIALLY DEFERRED;


--
-- Name: account_userdata account_userdata_team_id_04545dae_fk_account_team_id; Type: FK CONSTRAINT; Schema: public; Owner: postgres
--

ALTER TABLE ONLY public.account_userdata
    ADD CONSTRAINT account_userdata_team_id_04545dae_fk_account_team_id FOREIGN KEY (team_id) REFERENCES public.account_team(id) DEFERRABLE INITIALLY DEFERRED;


--
-- Name: account_userdata_user_permissions account_userdata_use_permission_id_dbf442dd_fk_auth_perm; Type: FK CONSTRAINT; Schema: public; Owner: postgres
--

ALTER TABLE ONLY public.account_userdata_user_permissions
    ADD CONSTRAINT account_userdata_use_permission_id_dbf442dd_fk_auth_perm FOREIGN KEY (permission_id) REFERENCES public.auth_permission(id) DEFERRABLE INITIALLY DEFERRED;


--
-- Name: account_userdata_user_permissions account_userdata_use_userdata_id_f6c3c282_fk_account_u; Type: FK CONSTRAINT; Schema: public; Owner: postgres
--

ALTER TABLE ONLY public.account_userdata_user_permissions
    ADD CONSTRAINT account_userdata_use_userdata_id_f6c3c282_fk_account_u FOREIGN KEY (userdata_id) REFERENCES public.account_userdata(id) DEFERRABLE INITIALLY DEFERRED;


--
-- Name: api_alert api_alert_alert_type_id_1d3b0905_fk_api_alerttype_id; Type: FK CONSTRAINT; Schema: public; Owner: postgres
--

ALTER TABLE ONLY public.api_alert
    ADD CONSTRAINT api_alert_alert_type_id_1d3b0905_fk_api_alerttype_id FOREIGN KEY (alert_type_id) REFERENCES public.api_alerttype(id) DEFERRABLE INITIALLY DEFERRED;


--
-- Name: api_case api_case_alert_id_f07fb875_fk_api_alert_id; Type: FK CONSTRAINT; Schema: public; Owner: postgres
--

ALTER TABLE ONLY public.api_case
    ADD CONSTRAINT api_case_alert_id_f07fb875_fk_api_alert_id FOREIGN KEY (alert_id) REFERENCES public.api_alert(id) DEFERRABLE INITIALLY DEFERRED;


--
-- Name: api_case api_case_authority_id_e5b05974_fk_account_userdata_id; Type: FK CONSTRAINT; Schema: public; Owner: postgres
--

ALTER TABLE ONLY public.api_case
    ADD CONSTRAINT api_case_authority_id_e5b05974_fk_account_userdata_id FOREIGN KEY (authority_id) REFERENCES public.account_userdata(id) DEFERRABLE INITIALLY DEFERRED;


--
-- Name: api_case api_case_case_review_id_796153e8_fk_api_casereview_id; Type: FK CONSTRAINT; Schema: public; Owner: postgres
--

ALTER TABLE ONLY public.api_case
    ADD CONSTRAINT api_case_case_review_id_796153e8_fk_api_casereview_id FOREIGN KEY (case_review_id) REFERENCES public.api_casereview(id) DEFERRABLE INITIALLY DEFERRED;


--
-- Name: api_case api_case_status_id_12034224_fk_api_casestatus_id; Type: FK CONSTRAINT; Schema: public; Owner: postgres
--

ALTER TABLE ONLY public.api_case
    ADD CONSTRAINT api_case_status_id_12034224_fk_api_casestatus_id FOREIGN KEY (status_id) REFERENCES public.api_casestatus(id) DEFERRABLE INITIALLY DEFERRED;


--
-- Name: api_casereview api_casereview_assigner_id_19574282_fk_account_userdata_id; Type: FK CONSTRAINT; Schema: public; Owner: postgres
--

ALTER TABLE ONLY public.api_casereview
    ADD CONSTRAINT api_casereview_assigner_id_19574282_fk_account_userdata_id FOREIGN KEY (assigner_id) REFERENCES public.account_userdata(id) DEFERRABLE INITIALLY DEFERRED;


--
-- Name: api_casereview api_casereview_authority_id_d43b0ff1_fk_account_userdata_id; Type: FK CONSTRAINT; Schema: public; Owner: postgres
--

ALTER TABLE ONLY public.api_casereview
    ADD CONSTRAINT api_casereview_authority_id_d43b0ff1_fk_account_userdata_id FOREIGN KEY (authority_id) REFERENCES public.account_userdata(id) DEFERRABLE INITIALLY DEFERRED;


--
-- Name: api_casereview api_casereview_status_id_b07162b7_fk_api_casereviewstatus_id; Type: FK CONSTRAINT; Schema: public; Owner: postgres
--

ALTER TABLE ONLY public.api_casereview
    ADD CONSTRAINT api_casereview_status_id_b07162b7_fk_api_casereviewstatus_id FOREIGN KEY (status_id) REFERENCES public.api_casereviewstatus(id) DEFERRABLE INITIALLY DEFERRED;


--
-- Name: api_comment api_comment_author_id_c45b2dbf_fk_account_userdata_id; Type: FK CONSTRAINT; Schema: public; Owner: postgres
--

ALTER TABLE ONLY public.api_comment
    ADD CONSTRAINT api_comment_author_id_c45b2dbf_fk_account_userdata_id FOREIGN KEY (author_id) REFERENCES public.account_userdata(id) DEFERRABLE INITIALLY DEFERRED;


--
-- Name: api_comment api_comment_case_id_b7ad411f_fk_api_case_id; Type: FK CONSTRAINT; Schema: public; Owner: postgres
--

ALTER TABLE ONLY public.api_comment
    ADD CONSTRAINT api_comment_case_id_b7ad411f_fk_api_case_id FOREIGN KEY (case_id) REFERENCES public.api_case(id) DEFERRABLE INITIALLY DEFERRED;


--
-- Name: auth_group_permissions auth_group_permissio_permission_id_84c5c92e_fk_auth_perm; Type: FK CONSTRAINT; Schema: public; Owner: postgres
--

ALTER TABLE ONLY public.auth_group_permissions
    ADD CONSTRAINT auth_group_permissio_permission_id_84c5c92e_fk_auth_perm FOREIGN KEY (permission_id) REFERENCES public.auth_permission(id) DEFERRABLE INITIALLY DEFERRED;


--
-- Name: auth_group_permissions auth_group_permissions_group_id_b120cbf9_fk_auth_group_id; Type: FK CONSTRAINT; Schema: public; Owner: postgres
--

ALTER TABLE ONLY public.auth_group_permissions
    ADD CONSTRAINT auth_group_permissions_group_id_b120cbf9_fk_auth_group_id FOREIGN KEY (group_id) REFERENCES public.auth_group(id) DEFERRABLE INITIALLY DEFERRED;


--
-- Name: auth_permission auth_permission_content_type_id_2f476e4b_fk_django_co; Type: FK CONSTRAINT; Schema: public; Owner: postgres
--

ALTER TABLE ONLY public.auth_permission
    ADD CONSTRAINT auth_permission_content_type_id_2f476e4b_fk_django_co FOREIGN KEY (content_type_id) REFERENCES public.django_content_type(id) DEFERRABLE INITIALLY DEFERRED;


--
-- Name: django_admin_log django_admin_log_content_type_id_c4bce8eb_fk_django_co; Type: FK CONSTRAINT; Schema: public; Owner: postgres
--

ALTER TABLE ONLY public.django_admin_log
    ADD CONSTRAINT django_admin_log_content_type_id_c4bce8eb_fk_django_co FOREIGN KEY (content_type_id) REFERENCES public.django_content_type(id) DEFERRABLE INITIALLY DEFERRED;


--
-- Name: django_admin_log django_admin_log_user_id_c564eba6_fk_account_userdata_id; Type: FK CONSTRAINT; Schema: public; Owner: postgres
--

ALTER TABLE ONLY public.django_admin_log
    ADD CONSTRAINT django_admin_log_user_id_c564eba6_fk_account_userdata_id FOREIGN KEY (user_id) REFERENCES public.account_userdata(id) DEFERRABLE INITIALLY DEFERRED;


--
-- PostgreSQL database dump complete
--

